item_id,image_path,category,wamrth_score (1-5),Formality_score (1-5)
1,https://drive.google.com/file/d/1gFaN17HUgCeceoKv7b62jtscv7SokvNv/view?usp=sharing,top,2,1
2,art pants.jpg,bottom,3,5
3,ather jackets.jpg,top,5,4
4,black jeans.jpg,bottom,3,3
5,black round neck.jpg,top,3,2
6,black shirt.jpg,top,3,5
7,Blsck long sleeves shirt.jpg,top,3,5
8,Blue round neck.jpg,top,3,2
9,boots.jpg,feet,4,2
10,cardgian.jpg,top,5,3
11,cardigan'.jpg,top,5,3
12,cardigann.jpg,top,5,3
13,carg short.jpg,bottom,4,1
14,cargg.jpg,bottom,3,2
15,cargo.jpg,bottom,3,3
16,cargoo.jpg,bottom,3,3
17,coats men.jpg,top,4,2
18,download.jpg,top,4,5
19,green round neck.jpg,top,3,2
20,jacketsss.jpg,top,4,2
21,jalaaa.jpg,complete,3,4
22,jalab.jpg,complete,3,5
23,jeans.jpg,bottom,3,5
24,jeanss.jpg,bottom,3,3
25,jeansss.jpg,bottom,3,3
26,lack pants b.jpg,bottom,3,3
27,lack pants.jpg,bottom,3,5
28,loafers.jpg,feet,3,5
29,Long sleeve shirt.jpg,top,4,5
30,long sleeve shirt.jpg,top,4,3
31,Long-sleeve sweartshirt.jpg,top,4,3
32,Man city.jpg,top,2,2
33,navyblue pant.jpg,bottom,3,5
34,office shiurt.jpg,top,3,5
35,ong sleeves shirt.jpg,top,3,5
36,ort.jpg,bottom,2,2
37,palm.jpg,feet,2,5
38,rdigann.jpg,top,4,5
39,rdiigan.jpg,top,4,3
40,Red Collar t-shirt.jpg,top,3,3
41,"round neck short sleeve,jpg",top,2,3
42,round neck.jpg,top,2,3
43,shoer.jpg,bottom,2,1
44,short sleeves vintage white.jpg,top,2,3
45,shortss.jpg,bottom,2,2
46,slides.jpg,feet,2,3
47,sneakers.jpg,feet,3,4
48,sweartshirt.jpg,top,4,3
49,sweat shirt.jpg,top,4,3
50,sweat shirtr.jpg,top,4,3
51,sweater.jpg,top,4,3
52,tive.jpg,complete,3,5
53,tive'.jpg,complete,3,5
54,vintage pattern.jpg,top,2,3
55,White round neck.jpg,top,2,3